rank,name,symbol,market_cap,price,circulating_supply,volume,change_7d
1,Bitcoin,BTC,"$5,125,963,514.89",$378.05,"13,559,050 BTC","$9,194,437.00",2.90%
2,XRP,XRP,"$346,223,397.22",$0.01121,"30,881,360,458 XRP","$2,857,345.00",30.08%
3,Litecoin,LTC,"$122,633,414.31",$3.5761,"34,292,594 LTC","$1,206,293.88",-0.18%
4,BitShares,BTS,"$47,475,323.74",$0.01901,"2,497,973,773 BTS","$509,740.69",14.56%
5,Dogecoin,DOGE,"$23,290,366.70",$0.0002421,"96,217,725,633 DOGE","$239,006.48",-4.88%
6,Nxt,NXT,"$19,224,491.02",$0.01922,"999,997,096 NXT","$19,747.19",1.18%
7,Peercoin,PPC,"$16,255,400.13",$0.742,"21,906,121 PPC","$21,638.82",1.29%
8,Counterparty,XCP,"$15,184,989.77",$5.7369,"2,646,903 XCP","$19,078.57",-16.10%
9,MaidSafeCoin,MAID,"$12,603,431.34",$0.02785,"452,552,412 MAID","$2,307.01",-7.38%
10,Dash,DASH,"$11,695,805.94",$2.3851,"4,903,621 DASH","$43,116.09",3.81%
11,Namecoin,NMC,"$9,468,341.87",$0.9109,"10,394,000 NMC","$12,833.39",2.81%
12,Stellar,XLM,"$7,829,158.50",$0.00221,"3,543,206,175 XLM","$61,161.59",4.85%
13,FuelCoin,FC2,"$5,676,462.32",$0.05671,"100,101,526 FC2","$9,656.42",49.76%
14,SuperNET,UNITY,"$3,112,489.64",$3.8140,"816,061 UNITY","$11,922.27",13.49%
15,NuShares,NSR,"$3,016,886.58",$0.004991,"604,515,318 NSR","$40,691.98",62.29%
16,Banx,BANX,"$2,933,630.74",$1.1340,"2,586,882 BANX","$20,549.98",10.23%
17,Monero,XMR,"$2,776,541.30",$0.5676,"4,892,138 XMR","$14,933.10",7.33%
18,BitcoinDark,BTCD,"$2,684,244.71",$2.2484,"1,193,870 BTCD","$3,502.96",30.60%
19,NuBits,USNBT,"$2,266,335.46",$1.0092,"2,245,631 USNBT","$5,881.67",0.89%
20,BlackCoin,BLK,"$2,055,106.24",$0.0275,"74,722,664 BLK","$16,984.65",0.16%
21,YbCoin,YBC,"$1,974,079.01",$0.658,"3,000,000 YBC","$35,567.33",-23.01%
22,Storjcoin X,SJCX,"$1,941,621.81",$0.04683,"41,464,404 SJCX","$1,700.79",222.47%
23,Feathercoin,FTC,"$1,602,330.44",$0.02564,"62,485,090 FTC","$4,436.77",-2.51%
24,Quark,QRK,"$1,213,870.35",$0.004886,"248,435,888 QRK","$2,990.06",0.79%
25,Nxttycoin,NXTTY,"$1,192,655.76",$0.001193,"1,000,000,000 NXTTY","$2,266.06",-33.80%
26,bitUSD,BITUSD,"$1,157,848.24",$1.0162,"1,139,401 BITUSD","$9,698.32",1.23%
27,Primecoin,XPM,"$1,112,077.93",$0.1374,"8,093,755 XPM","$2,126.99",-0.87%
28,ReddCoin,RDD,"$1,059,311.07",$0.00003887,"27,249,232,299 RDD","$1,357.92",2.17%
29,Pandacoin,PND,"$1,034,046.15",$0.00003199,"32,320,482,669 PND","$2,555.53",-7.80%
30,UltraCoin,UTC,"$944,257.91",$0.04114,"22,951,359 UTC","$21,127.20",31.62%
31,BitBay,BAY,"$866,581.80",$0.0008666,"1,000,034,989 BAY","$25,417.91",-16.85%
32,BitShares PTS,PTS,"$848,198.82",$0.4811,"1,763,152 PTS","$12,147.07",90.47%
33,Ixcoin,IXC,"$775,081.05",$0.03691,"20,999,906 IXC",$813.44,27.31%
34,Zetacoin,ZET,"$712,401.86",$0.004417,"161,270,079 ZET","$2,707.81",-12.14%
35,MonaCoin,MONA,"$661,927.26",$0.04543,"14,571,050 MONA","$2,183.70",-1.82%
36,Jinn,JINN,"$651,518.30",$6.5152,"100,000 JINN",$977.28,22.47%
37,jl777hodl,JLH,"$649,788.08",$0.06498,"10,000,000 JLH","$1,100.87",21.92%
38,ShadowCash,SDC,"$583,545.12",$0.0905,"6,447,870 SDC","$9,776.19",-19.35%
39,WorldCoin,WDC,"$543,989.36",$0.007928,"68,615,468 WDC","$1,475.16",5.41%
40,Novacoin,NVC,"$543,161.25",$0.6414,"846,792 NVC","$1,079.94",-8.31%
41,Vertcoin,VTC,"$516,601.82",$0.05138,"10,055,000 VTC","$5,912.07",5.77%
42,CannabisCoin,CANN,"$515,827.63",$0.007395,"69,752,665 CANN","$13,791.51",64.53%
43,Megacoin,MEC,"$514,715.04",$0.01954,"26,341,475 MEC",$856.24,-2.88%
44,DNotes,NOTE,"$461,622.51",$0.004922,"93,792,776 NOTE",$545.04,3.98%
45,Viacoin,VIA,"$459,831.08",$0.03721,"12,356,325 VIA","$1,463.02",-22.29%
46,NeoDICE,DICE,"$443,096.70",$0.4431,"1,000,000 DICE",$964.03,-12.98%
47,VeriCoin,VRC,"$422,753.60",$0.0157,"26,919,518 VRC","$1,454.24",5.04%
48,Uro,URO,"$413,846.54",$0.4113,"1,006,193 URO","$1,615.93",-5.74%
49,Privatebet,Privatebet,"$407,559.39",$1.0189,"400,000 Privatebet",$992.35,30.45%
50,BilShares,BILS,"$407,051.03",$0.0004071,"1,000,000,000 BILS","$7,429.33",12.72%
51,Mooncoin,MOON,"$396,423.42",$0.00000204,"194,278,755,647 MOON","$2,707.13",9.65%
52,Anoncoin,ANC,"$370,883.31",$0.26,"1,426,429 ANC","$7,952.79",-0.69%
53,DigitalNote,XDN,"$340,433.65",$0.00005062,"6,725,113,496 XDN","$16,720.29",-0.32%
54,TileCoin,XTC,"$317,559.48",$0.003176,"100,000,000 XTC","$4,501.91",28.49%
55,FreeMarket,MRKT,"$311,471.54",$0.4326,"720,000 MRKT",$764.38,-15.20%
56,Maxcoin,MAX,"$309,946.76",$0.008223,"37,694,635 MAX","$1,503.39",-13.07%
57,PotCoin,POT,"$306,382.18",$0.001838,"166,676,010 POT","$3,550.92",0.08%
58,Opal,OPAL,"$306,267.22",$0.02041,"15,007,857 OPAL","$43,430.02",651.57%
59,Bitmark,BTM,"$276,489.23",$0.299,"924,620 BTM","$1,053.95",-4.39%
60,Gulden,NLG,"$253,033.05",$0.001459,"173,393,701 NLG",$703.31,0.91%
61,Crypti,XCR,"$236,216.00",$0.002362,"100,000,000 XCR",$787.52,32.61%
62,Applecoin,APC,"$234,164.05",$0.01058,"22,125,750 APC","$1,604.07",8.21%
63,ARCHcoin,ARCH,"$229,854.22",$0.01416,"16,236,940 ARCH","$1,765.51",-23.05%
64,DigiByte,DGB,"$229,096.45",$0.00008033,"2,852,092,031 DGB","$9,129.46",68.60%
65,Bitswift,BITS,"$221,054.82",$0.0552,"4,004,890 BITS","$1,982.14",62.46%
66,Stealth,XST,"$204,844.36",$0.009606,"21,323,778 XST","$3,738.46",16.16%
67,Terracoin,TRC,"$195,757.81",$0.0296,"6,614,136 TRC","$1,862.66",11.96%
68,Hyper,HYPER,"$187,153.27",$0.05257,"3,560,251 HYPER",$687.11,-0.61%
69,MozzShare,MLS,"$185,293.35",$0.00289,"64,125,000 MLS","$1,375.85",2.25%
70,HyperStake,HYP,"$182,235.75",$0.003401,"53,576,500 HYP","$1,490.85",1.89%
71,Syscoin,SYS,"$177,021.85",$0.0004738,"373,634,483 SYS","$2,061.19",29.85%
72,ZcCoin,ZCC,"$155,397.26",$0.008955,"17,352,849 ZCC",$982.08,10.91%
73,Burst,BURST,"$140,231.76",$0.0004402,"318,578,694 BURST",$752.32,5.06%
74,NEMstake,NEM,"$134,879.09",$768.98,175 NEM,"$2,845.23",1.19%
75,World Trade Funds,XWT,"$121,843.74",$0.01348,"9,037,246 XWT",$781.15,-3.22%
76,Diamond,DMD,"$120,585.10",$0.169,"713,414 DMD",$525.00,1.21%
77,Bytecent,BYC,"$111,545.21",$0.4537,"245,878 BYC","$3,200.89",-24.03%
78,FedoraCoin,TIPS,"$107,902.05",$0.00000038,"280,846,322,360 TIPS",$763.38,-3.50%
79,Fibre,FIBRE,"$103,339.90",$0.1651,"625,851 FIBRE",$541.59,-7.14%
80,GlowShares,GSX,"$88,505.26",$0.266,"332,696 GSX","$5,540.06",14.30%
81,Horizon,HZ,"$84,076.74",$0.0002457,"342,150,140 HZ",$771.39,-20.86%
82,Startcoin,START,"$74,724.11",$0.01212,"6,165,260 START",$564.05,-27.37%
83,CAIx,CAIx,"$72,654.20",$0.0449,"1,618,027 CAIx","$3,424.44",60.79%
84,Auroracoin,AUR,"$69,116.90",$0.03306,"2,090,353 AUR","$2,702.08",-19.66%
85,CannaCoin,CCN,"$67,395.69",$0.01544,"4,364,401 CCN","$2,385.42",52.74%
86,Riecoin,RIC,"$66,573.09",$0.007947,"8,377,425 RIC",$776.09,26.22%
87,GAIA,GAIA,"$66,397.19",$0.002756,"24,092,197 GAIA","$1,598.60",34.04%
88,ApexCoin,APEX,"$62,238.75",$0.01022,"6,088,386 APEX","$11,898.62",14.92%
89,UnionCoin,UNC,"$61,462.65",$0.007327,"8,388,608 UNC",$627.78,-6.45%
90,MMNXT,MMNXT,"$58,247.35",$0.02884,"2,019,900 MMNXT",$524.86,6.13%
91,HTML5COIN,HTML5,"$57,661.48",$0.00000144,"40,123,565,000 HTML5","$1,117.01",-6.62%
92,bitCNY,BITCNY,"$57,233.81",$0.1659,"345,002 BITCNY","$4,432.52",1.18%
93,LitecoinDark,LTCD,"$54,935.25",$0.0006964,"78,885,315 LTCD","$1,093.78",-25.43%
94,Snowballs,BALLS,"$51,187.93",$0.002988,"17,128,555 BALLS","$3,699.36",-61.46%
95,HellasCoin,HLC,"$48,099.86",$0.004533,"10,611,550 HLC",$565.40,-18.04%
96,CryptCoin,CRYPT,"$39,842.53",$0.007001,"5,691,372 CRYPT","$2,615.87",95.22%
97,ProfitCoin,PFC,"$25,538.44",$0.6133,"41,642 PFC","$74,303.29",64.89%
98,DayTraderCoin,DTC,"$20,540.74",$0.01869,"1,098,812 DTC",$607.26,-64.43%
99,XCash,XCASH,"$19,092.20",$0.007815,"2,442,962 XCASH","$1,211.71",-17.31%
100,bitBTC,BITBTC,"$19,014.58",$382.79,50 BITBTC,"$1,904.75",4.60%
101,GameLeagueCoin,GML,"$17,026.25",$0.00003405,"500,000,000 GML","$2,374.45",-65.25%
102,Sterlingcoin,SLG,"$15,889.60",$0.005645,"2,814,947 SLG","$4,217.01",16.29%
103,Functioncoin,FCC,"$15,578.19",$0.01323,"1,177,680 FCC","$1,177.08",2.90%
104,LottoCoin,LOT,"$11,805.80",$0.00000081,"14,491,014,421 LOT",$607.37,-64.61%
105,MalibuCoin,MAL,"$7,679.96",$0.004877,"1,574,787 MAL","$1,965.51",--
106,GamerholicCoin,GHC,"$7,027.09",$0.0102,"688,950 GHC",$575.30,27.18%
107,Nanite,XNAN,"$6,587.52",$0.006616,"995,723 XNAN",$817.18,2.90%
108,ESportsCoin,ESC,"$3,469.36",$0.002654,"1,307,273 ESC","$4,200.24",188.76%
109,42-coin,42,"$1,660.84","$1,809.45",1 42,$909.98,-23.09%
110,Omni,OMNI,"$1,703,486.15",$3.0249,"563,162 OMNI",$493.48,5.73%
111,NXTventure,NXTV,"$1,612,935.54",$1.6129,"1,000,000 NXTV",$220.97,-3.93%
112,Swarm,SWARM,"$1,285,359.82",$0.01285,"100,000,000 SWARM",$57.66,-36.48%
113,InstantDEX,DEX,"$1,268,816.95",$1.2688,"1,000,000 DEX",$418.71,33.55%
114,Bytecoin,BCN,"$1,236,440.60",$0.00000744,"166,158,821,405 BCN",$173.72,-11.66%
115,XCurrency,XC,"$731,533.78",$0.1315,"5,561,224 XC",$346.03,14.19%
116,NXTprivacy,NXTprivacy,"$730,530.98",$0.7305,"1,000,000 NXTprivacy",$146.84,51.98%
117,sharkfund0,SF0,"$692,149.91",$519.06,"1,333 SF0",$124.06,--
118,Gridcoin Classic,GRCX,"$580,036.46",$0.01749,"33,166,990 GRCX",$139.85,13.41%
119,Tradebots,NXTcoinsco,"$567,218.49",$0.5729,"990,100 NXTcoinsco",$5.7289,49.25%
120,Unobtanium,UNO,"$545,294.06",$2.8324,"192,523 UNO",$190.58,12.39%
121,Ethercoin,ETC,"$493,638.66",$0.4936,"1,000,000 ETC",$1.6605,-22.57%
122,ltc2nXt,LTC2NXT,"$445,038.51",$0.4806,"925,982 LTC2NXT",$1.9224,-6.69%
123,Infinitecoin,IFC,"$408,360.69",$0.00000451,"90,595,776,065 IFC",$284.81,1.30%
124,FairCoin,FAIR,"$385,528.76",$0.007561,"50,989,528 FAIR",$0.6049,--
125,Coinomat,CNMT,"$366,630.43",$0.1222,"3,000,000 CNMT",$21.39,-1.98%
126,Node,NODE,"$275,974.31",$0.000276,"1,000,000,000 NODE",$239.87,-7.77%
127,FIMKrypto,FIMK,"$269,440.12",$0.0006678,"403,492,798 FIMK",$49.49,13.53%
128,Marinecoin,MTC,"$262,251.80",$0.03592,"7,301,353 MTC",$41.85,-42.50%
129,Curecoin,CURE,"$253,210.56",$0.01007,"25,146,767 CURE",$56.20,58.65%
130,Qora,QORA,"$250,437.86",$0.00002504,"10,000,000,000 QORA",$96.38,-26.80%
131,GoldCoin,GLC,"$245,677.68",$0.007378,"33,300,894 GLC",$282.55,7.74%
132,Dogeparty,XDP,"$244,905.53",$0.09138,"2,680,033 XDP",$165.88,-6.85%
133,SolarCoin,SLR,"$230,779.33",$0.006878,"33,554,671 SLR",$157.87,-1.00%
134,MintCoin,MINT,"$230,336.17",$0.00001133,"20,325,620,637 MINT",$19.64,53.21%
135,ATOMIC,ATOMIC,"$228,675.43",$0.3749,"610,000 ATOMIC",$140.24,-14.26%
136,Devcoin,DVC,"$226,257.05",$0.00002761,"8,193,970,000 DVC",$170.52,-7.70%
137,Digitalcoin,DGC,"$184,686.16",$0.01035,"17,836,528 DGC",$420.21,-8.66%
138,Librexcoin,LXC,"$182,048.18",$0.01867,"9,751,376 LXC",$186.71,-11.75%
139,NautilusCoin,NAUT,"$175,368.70",$0.03312,"5,295,631 NAUT",$496.25,12.92%
140,Boolberry,BBR,"$169,206.94",$0.07368,"2,296,437 BBR",$423.99,-1.85%
141,FoldingCoin,FLDC,"$143,479.61",$0.0001435,"1,000,000,000 FLDC",$0.2868,-16.06%
142,HoboNickels,HBN,"$142,507.97",$0.0189,"7,540,693 HBN",$370.93,-5.54%
143,I0Coin,I0C,"$134,839.42",$0.006582,"20,487,149 I0C",$1.2164,51.60%
144,MGW,MGW,"$128,611.91",$0.1286,"1,000,000 MGW",$27.01,15.91%
145,Chancecoin,CHA,"$126,926.96",$0.2457,"516,513 CHA",$363.97,2.89%
146,BoostCoin,BOST,"$122,118.59",$0.01042,"11,723,711 BOST",$332.73,-2.44%
147,ClearingHouse,XCH,"$119,025.33",$0.001147,"103,809,297 XCH",$9.2337,-0.40%
148,WhiteCoin,XWC,"$118,264.30",$0.0003891,"303,935,386 XWC",$99.71,31.71%
149,Pesetacoin,PTC,"$117,900.88",$0.001516,"77,772,643 PTC",$465.79,-37.46%
150,Sync,SYNC,"$113,672.60",$97.05,"1,171 SYNC",$66.24,-23.52%
151,Copperlark,CLR,"$110,354.90",$0.01165,"9,475,099 CLR",$6.4625,-15.64%
152,Pinkcoin,PINK,"$101,819.72",$0.0002795,"364,253,425 PINK",$328.14,33.15%
153,NetCoin,NET,"$98,941.13",$0.0003052,"324,169,332 NET",$168.87,4.91%
154,HRNXTPool,HRNXT,"$98,044.95",$0.9804,"100,000 HRNXT",$40.20,-24.11%
155,Dorcs,DORCS,"$97,081.59",$0.2499,"388,453 DORCS",$3.7488,27.71%
156,Freicoin,FRC,"$96,206.24",$0.002093,"45,962,594 FRC",$136.41,-2.82%
157,Karmacoin,KARMA,"$93,813.71",$0.00000146,"64,056,004,065 KARMA",$45.59,-0.19%
158,NobleCoin,NOBL,"$88,160.94",$0.0000378,"2,332,010,000 NOBL",$442.73,3.57%
159,JackpotCoin,JPC,"$86,174.80",$0.00001512,"5,698,682,708 JPC",$99.60,-20.50%
160,Deutsche eMark,DEM,"$83,864.02",$0.005671,"14,788,995 DEM",$99.34,-7.48%
161,NavCoin,NAV,"$82,640.88",$0.001434,"57,619,293 NAV",$77.47,22.55%
162,CzechCrownCoin,CZC,"$79,841.56",$0.02011,"3,970,400 CZC",$30.19,-27.72%
163,Bullion,CBX,"$79,018.40",$0.08264,"956,160 CBX",$28.97,15.14%
164,Tickets,TIX,"$78,399.53",$0.00000117,"66,876,281,414 TIX",$26.04,4.94%
165,VPNCoin,VASH,"$77,149.14",$0.0001928,"400,142,885 VASH",$313.67,1.88%
166,Cinni,CINNI,"$74,716.96",$0.004949,"15,098,105 CINNI",$5.0329,122.19%
167,Bottlecaps,CAP,"$72,108.02",$0.008699,"8,289,363 CAP",$24.50,-3.89%
168,Zeitcoin,ZEIT,"$71,864.77",$0.00000249,"28,829,093,707 ZEIT",$66.10,45.41%
169,ArtByte,ABY,"$71,161.89",$0.0001909,"372,830,450 ABY",$59.71,0.77%
170,Bitstar,BITS,"$69,238.02",$0.004162,"16,634,568 BITS",$68.90,-5.73%
171,Clams,CLAM,"$66,512.60",$0.2922,"227,656 CLAM",$224.92,-27.02%
172,USDe,USDE,"$65,078.27",$0.00006805,"956,351,793 USDE",$40.99,-12.66%
173,TagCoin,TAG,"$63,945.01",$0.02933,"2,180,220 TAG",$295.57,0.48%
174,FlutterCoin,FLT,"$63,658.61",$0.0002849,"223,461,528 FLT",$291.27,-8.45%
175,TEKcoin,TEK,"$61,483.92",$0.01604,"3,833,039 TEK",$474.27,-34.80%
176,AeroMe,AM,"$60,183.29",$0.008435,"7,134,908 AM",$43.30,40.22%
177,Myriad,XMY,"$59,764.49",$0.00009548,"625,915,000 XMY",$195.85,-3.65%
178,Rubycoin,RBY,"$59,225.14",$0.002701,"21,929,675 RBY",$76.38,4.63%
179,Viorcoin,VIOR,"$55,413.02",$0.01214,"4,566,264 VIOR",$17.46,-16.64%
180,SuperCoin,SUPER,"$55,299.66",$0.002749,"20,119,725 SUPER",$105.74,83.43%
181,Checkcoin,CKC,"$53,176.75",$0.003559,"14,942,680 CKC",$248.63,10.38%
182,SaffronCoin,SFR,"$50,670.52",$0.003062,"16,547,200 SFR",$226.98,0.16%
183,NXTInspect,NXTI,"$50,468.15",$0.06729,"750,057 NXTI",$9.6219,13.88%
184,Aricoin,ARI,"$48,980.07",$0.0004234,"115,679,289 ARI",$43.60,-11.34%
185,AsiaCoin,AC,"$48,069.57",$0.0002508,"191,654,469 AC",$7.4463,-11.55%
186,Boomcoin,BOOM,"$47,321.51",$0.004159,"11,379,420 BOOM",$343.65,27.25%
187,Colossuscoin,COL,"$44,757.78",$0.00000014,"312,889,440,517 COL",$17.91,-22.99%
188,Uniform Fiscal Object,UFO,"$43,646.14",$0.00002849,"1,532,248,762 UFO",$281.20,24.62%
189,LTBcoin,LTBC,"$41,952.01",$0.0002224,"188,602,254 LTBC",$7.9643,18.97%
190,I/O Coin,IOC,"$41,522.78",$0.002573,"16,136,623 IOC",$223.68,-41.57%
191,CleanWaterCoin,WATER,"$41,404.51",$0.00007561,"547,610,553 WATER",$0.378,-5.16%
192,Cryptonite,XCN,"$41,364.44",$0.0009394,"44,031,096 XCN",$271.54,73.71%
193,Einsteinium,EMC2,"$41,110.10",$0.0002651,"155,056,776 EMC2",$48.72,-2.50%
194,BBQCoin,BQC,"$40,381.46",$0.001101,"36,688,462 BQC",$27.26,0.52%
195,Sonic,SSD,"$40,193.30",$0.001865,"21,545,766 SSD",$59.02,16.57%
196,Magi,XMG,"$39,655.16",$0.02303,"1,722,111 XMG",$347.70,2.02%
197,Guarany,GUA,"$39,388.45",$0.3617,"108,896 GUA",$191.06,-23.54%
198,SecureCoin,SRC,"$38,889.02",$0.01714,"2,268,625 SRC",$428.31,-1.15%
199,Munne,MNE,"$38,008.08",$0.007936,"4,789,196 MNE",$148.45,5.46%
200,Nas,NAS,"$37,804.70",$0.00000378,"10,000,000,000 NAS",$31.68,2.90%
201,Virtacoin,VTA,"$37,186.21",$0.00000378,"9,836,397,997 VTA",$282.38,-25.03%
202,Quicksilver,QSLV,"$37,139.30",$0.01077,"3,447,014 QSLV",$330.68,17.30%
203,CloakCoin,CLOAK,"$36,718.29",$0.008088,"4,539,732 CLOAK",$192.15,-23.67%
204,Kore,KORE,"$36,185.23",$0.02078,"1,741,561 KORE",$209.73,4.32%
205,Vidio,VDO,"$35,945.49",$0.001737,"20,699,365 VDO",$135.66,43.65%
206,Memorycoin,MMC,"$35,773.84",$0.003855,"9,279,940 MMC",$74.50,3.17%
207,ExclusiveCoin,EXCL,"$35,545.39",$0.00465,"7,644,524 EXCL",$452.36,20.19%
208,e-Gulden,EFL,"$34,894.39",$0.006521,"5,351,088 EFL",$181.99,18.30%
209,Yacoin,YAC,"$34,543.72",$0.001183,"29,211,692 YAC",$90.21,8.02%
210,Qibuck,QBK,"$34,421.70",$0.06804,"505,881 QBK",$97.33,8.28%
211,MAZA,MAZA,"$34,060.53",$0.00005671,"600,640,100 MAZA",$35.37,0.17%
212,TeslaCoin,TES,"$33,873.00",$0.0005594,"60,552,166 TES",$332.41,36.03%
213,Quatloo,QTL,"$33,681.72",$0.014,"2,406,251 QTL",$494.24,-15.35%
214,Ringo,RIN,"$32,927.24",$0.000361,"91,207,902 RIN",$7.1948,-17.44%
215,EarthCoin,EAC,"$32,766.98",$0.0000059,"5,555,736,958 EAC",$251.90,-21.57%
216,Dimecoin,DIME,"$32,139.78",$0.00000011,"299,580,260,352 DIME",$250.87,3.15%
217,DopeCoin,DOPE,"$31,746.35",$0.0002419,"131,210,344 DOPE",$73.16,-11.61%
218,Luckycoin,LKY,"$31,242.86",$0.00171,"18,274,669 LKY",$0.08608,1.64%
219,Sexcoin,SXC,"$30,237.63",$0.0003515,"86,018,201 SXC",$41.89,-5.38%
220,BattleCoin,BCX,"$27,469.88",$0.0004537,"60,552,166 BCX",$2.9641,-4.28%
221,OctoCoin,888,"$27,440.36",$0.0007826,"35,064,991 888",$45.83,2.90%
222,BlueCoin,BLU,"$27,309.80",$0.00004973,"549,155,372 BLU",$69.54,-3.34%
223,Particle,PRT,"$27,011.72",$0.0000378,"714,506,932 PRT",$5.7236,-21.93%
224,MultiWalletCoin,MWC,"$26,371.16",$0.0009679,"27,244,488 MWC",$178.36,-1.69%
225,BitBar,BTB,"$25,765.86",$1.7196,"14,983 BTB",$60.24,4.38%
226,SeedCoin,SEED,"$25,359.51",$0.008514,"2,978,699 SEED",$102.83,132.88%
227,Quebecoin,QBC,"$25,120.85",$0.001093,"22,992,734 QBC",$6.5963,--
228,DarkCash,DRKC,"$24,569.13",$0.005957,"4,124,268 DRKC",$86.85,58.26%
229,Donu,DONU,"$24,341.32",$0.008384,"2,903,450 DONU",$126.45,11.77%
230,Orbitcoin,ORB,"$23,069.35",$0.01307,"1,765,644 ORB",$13.50,-25.68%
231,Razor,RZR,"$22,506.84",$0.01125,"1,999,895 RZR",$1.8522,12.30%
232,Mineralscoin,MIN,"$22,461.86",$0.0008308,"27,035,439 MIN",$32.90,3.85%
233,ECC,ECC,"$22,445.48",$0.00000132,"16,963,625,470 ECC",$5.9681,-33.08%
234,Murraycoin,MRY,"$22,357.79",$0.0007674,"29,133,118 MRY",$26.90,-1.76%
235,KeyCoin,KEY,"$22,181.97",$0.02419,"917,121 KEY",$204.69,-8.40%
236,HempCoin,THC,"$22,145.30",$0.0001625,"136,297,445 THC",$40.58,18.69%
237,Scotcoin,SCOT,"$22,045.03",$0.00002756,"800,001,844 SCOT",$293.54,-42.20%
238,SpreadCoin,SPR,"$22,018.71",$0.01887,"1,166,967 SPR",$11.02,98.89%
239,Quotient,XQN,"$21,576.15",$0.009636,"2,239,022 XQN",$425.57,-57.91%
240,CommunityCoin,COMM,"$21,409.02",$0.00002025,"1,057,344,896 COMM",$32.18,-5.06%
241,Fastcoin,FST,"$20,940.80",$0.000208,"100,656,187 FST",$46.64,9.79%
242,Philosopher Stones,PHS,"$20,345.50",$0.008771,"2,319,715 PHS",$7.1479,-32.85%
243,ROXcoin,ROX,"$20,210.34",$0.003402,"5,939,986 ROX",$1.6445,-2.52%
244,GrandCoin,GDC,"$19,992.00",$0.00004917,"406,548,474 GDC",$1.2147,-9.10%
245,Titcoin,TIT,"$19,871.23",$0.002173,"9,142,828 TIT",$287.70,-3.48%
246,OrangeCoin,OC,"$19,648.46",$0.0003705,"53,034,286 OC",$0.4263,26.31%
247,FLO,FLO,"$19,274.94",$0.0002358,"81,740,200 FLO",$87.05,-8.91%
248,GrowthCoin,GRW,"$19,179.68",$0.0005104,"37,580,427 GRW",$3.6848,-10.81%
249,ContinuumCoin,CTM,"$18,997.27",$0.00000021,"88,538,349,156 CTM",$0.9389,-14.44%
250,CHCCoin,CHCC,"$18,994.20",$0.0006109,"31,094,206 CHCC",$0.5971,44.87%
251,WankCoin,WKC,"$18,973.62",$0.00585,"3,243,450 WKC",$48.02,-65.58%
252,NFDCoin,NFD,"$18,902.35",$0.00000378,"5,000,000,000 NFD",$63.42,-48.55%
253,Dirac,XDQ,"$18,837.42",$0.04709,"400,066 XDQ",$42.09,494.29%
254,Energycoin,ENRG,"$18,815.77",$0.0001663,"113,115,882 ENRG",$71.67,44.34%
255,MaryJane,MARYJ,"$18,775.44",$0.001225,"15,326,115 MARYJ",$12.18,8.68%
256,MediterraneanCoin,MED,"$18,452.78",$0.0005992,"30,794,857 MED",$27.25,-11.07%
257,Neutrino,NTR,"$18,307.06",$0.00008695,"210,545,045 NTR",$0.9338,-37.72%
258,RabbitCoin,RBBT,"$18,107.10",$0.00000018,"100,003,526,023 RBBT",$9.6935,-36.60%
259,Truckcoin,TRK,"$17,605.79",$0.001112,"15,828,149 TRK",$104.16,-19.73%
260,VootCoin,VOOT,"$17,347.08",$0.000251,"69,123,894 VOOT",$27.56,53.46%
261,Silkcoin,SILK,"$17,227.38",$0.0003977,"43,321,624 SILK",$61.16,-27.41%
262,Zedcoin,ZED,"$16,920.37",$0.001502,"11,262,360 ZED",$0.09469,38.93%
263,CasinoCoin,CSC,"$16,884.27",$0.0005671,"29,774,555 CSC",$16.31,-16.99%
264,NoirShares,NRS,"$16,858.87",$0.006805,"2,477,481 NRS",$32.63,2.90%
265,Sembro Token,SMBR,"$16,611.09",$0.006642,"2,500,809 SMBR",$249.97,68.01%
266,Kittehcoin,MEOW,"$16,573.98",$0.00000071,"23,314,672,152 MEOW",$22.56,-14.61%
267,Heavycoin,HVC,"$16,355.17",$0.0001852,"88,290,328 HVC",$9.2713,-7.41%
268,Bitcoin Scrypt,BTCS,"$16,046.24",$0.001512,"10,611,275 BTCS",$0.3024,6.62%
269,TrustPlus,TRUST,"$15,968.83",$0.0005141,"31,059,059 TRUST",$0.56,32.02%
270,HunterCoin,HUC,"$15,767.41",$0.003783,"4,168,170 HUC",$184.68,-28.27%
271,Crown,CRW,"$15,448.30",$0.006442,"2,398,088 CRW",$112.83,-6.98%
272,GlobalCoin,GLC,"$15,342.31",$0.0002646,"57,975,813 GLC",$7.0349,5.42%
273,Coin2.1,C2,"$15,323.58",$0.0001533,"99,976,323 C2",$4.9096,-20.71%
274,Saturn2Coin,SAT2,"$15,199.19",$0.001932,"7,867,810 SAT2",$1.9801,-24.88%
275,FreshCoin,FRSH,"$15,116.29",$0.002298,"6,578,930 FRSH",$14.30,-15.27%
276,ach,ACH,"$15,019.03",$0.0187,"803,191 ACH",$7.1398,1.47%
277,Blitzcash,BLITZ,"$14,777.06",$0.004007,"3,687,537 BLITZ",$182.53,11.22%
278,Greencoin,GRE,"$14,698.28",$0.00003107,"473,143,025 GRE",$52.88,12.39%
279,BunnyCoin,BUN,"$14,622.54",$0.00000019,"77,247,741,133 BUN",$17.74,114.14%
280,FlappyCoin,FLAP,"$14,524.28",$0.00000021,"69,864,678,452 FLAP",$17.03,-36.56%
281,Verge,XVG,"$14,038.88",$0.00000378,"3,710,100,000 XVG",$58.58,4.23%
282,GameCredits,GAME,"$13,929.47",$0.0003743,"37,218,050 GAME",$41.98,"4,993.48%"
283,GreenBacks,GB,"$13,629.67",$0.0006695,"20,356,902 GB",$21.87,-2.45%
284,AsicCoin,ASC,"$13,257.23",$0.00002464,"538,053,251 ASC",$6.7210,-1.90%
285,Ubiq,UBQ,"$12,912.60",$0.003899,"3,311,793 UBQ",$127.62,-17.25%
286,Blakecoin,BLC,"$12,827.09",$0.002722,"4,712,483 BLC",$94.76,-19.45%
287,Maieuticoin,MMXIV,"$12,460.80",$5.6707,"2,197 MMXIV",$56.70,-45.98%
288,CraigsCoin,CRAIG,"$12,003.20",$0.0003999,"30,017,007 CRAIG",$46.08,10.83%
289,X-Children,CHILD,"$11,834.38",$0.006749,"1,753,570 CHILD",$148.60,-41.49%
290,LeafCoin,LEAF,"$11,819.18",$0.00000077,"15,322,977,853 LEAF",$7.7449,-26.51%
291,CryptoBuck,BUK,"$11,671.07",$0.01037,"1,125,483 BUK",$0.0003375,--
292,Groestlcoin,GRS,"$11,566.52",$0.0002176,"53,152,825 GRS",$0.5933,-37.39%
293,Omnicoin,OMC,"$11,564.74",$0.001629,"7,097,619 OMC",$0.05019,11.87%
294,Aliencoin,ALN,"$11,280.11",$0.0004562,"24,726,090 ALN",$58.31,-5.16%
295,UnbreakableCoin,UNB,"$11,223.55",$0.006794,"1,652,100 UNB",$141.11,11.40%
296,Datacoin,DTC,"$11,020.16",$0.006431,"1,713,492 DTC",$5.4154,--
297,GoldReserve,XGR,"$10,559.44",$0.0008241,"12,812,639 XGR",$6.4314,-11.78%
298,Kryptkoin,KTK,"$10,415.15",$0.000605,"17,216,623 KTK",$298.90,-6.66%
299,Mincoin,MNC,"$10,358.63",$0.006018,"1,721,350 MNC",$18.91,-10.18%
300,Ghostcoin,GHOST,"$10,329.84",$0.0003834,"26,943,037 GHOST",$253.53,8.41%
301,PseudoCash,PSEUD,"$10,158.50",$0.004639,"2,189,976 PSEUD",$0.0001909,211.81%
302,Franko,FRK,"$9,979.93",$0.0344,"290,140 FRK",$32.08,-1.89%
303,IncognitoCoin,ICG,"$9,929.00",$0.0004877,"20,359,638 ICG",$36.92,-31.93%
304,Gapcoin,GAP,"$9,670.57",$0.01769,"546,822 GAP",$398.95,6.16%
305,Diem,DIEM,"$9,611.26",$0.00000044,"21,654,647,268 DIEM",$9.2970,4.92%
306,SHACoin,SHA,"$9,464.78",$0.00002646,"357,656,792 SHA",$0.3526,80.07%
307,Joulecoin,XJO,"$9,456.92",$0.0006843,"13,820,544 XJO",$51.35,30.95%
308,Phoenixcoin,PXC,"$9,086.66",$0.0003894,"23,335,600 PXC",$20.12,0.56%
309,MonetaryUnit,MUE,"$8,994.94",$0.0002143,"41,976,590 MUE",$67.61,-35.67%
310,Piggycoin,PIGGY,"$8,954.75",$0.0000189,"473,737,167 PIGGY",$30.89,-26.51%
311,BetaCoin,BET,"$8,598.94",$0.0004649,"18,495,878 BET",$171.32,-26.76%
312,Solcoin,SOL,"$8,385.66",$0.00003397,"246,869,724 SOL",$7.4967,-47.04%
313,StabilityShares,XSI,"$8,354.16",$0.001134,"7,366,072 XSI",$6.4174,-10.43%
314,Neocoin,NEC,"$8,340.23",$0.001356,"6,150,310 NEC",$7.9766,65.47%
315,CoolCoin,COOL,"$8,260.33",$0.00007939,"104,047,705 COOL",$1.8666,-9.18%
316,SpainCoin,SPA,"$8,159.54",$0.0003856,"21,160,196 SPA",$11.73,26.41%
317,Emerald Crypto,EMD,"$8,149.83",$0.0007932,"10,274,566 EMD",$18.40,-21.76%
318,Spark,SPARK,"$8,120.39",$0.003757,"2,161,563 SPARK",$330.71,49.37%
319,microCoin,MRC,"$7,890.67",$0.00000043,"18,387,562,489 MRC",$3.4330,--
320,PetroDollar,XPD,"$7,877.97",$0.0001285,"61,290,025 XPD",$0.411,-10.26%
321,TopCoin,TOP,"$7,833.37",$0.0003327,"23,546,168 TOP",$0.7701,-11.22%
322,Libertycoin,XLB,"$7,740.71",$0.0004688,"16,512,528 XLB",$1.3776,-48.40%
323,Isracoin,ISR,"$7,732.70",$0.0005064,"15,269,460 ISR",$75.00,-3.98%
324,Fantomcoin,FCN,"$7,689.24",$0.006049,"1,271,211 FCN",$2.7772,9.75%
325,CageCoin,CAGE,"$7,633.66",$0.00000009,"87,307,789,358 CAGE",$21.51,152.05%
326,Catcoin,CAT,"$7,575.42",$0.004514,"1,678,250 CAT",$4.5322,-15.39%
327,NTX,NTX,"$7,560.94",$0.00000756,"1,000,000,000 NTX",$4.3270,-10.45%
328,SmartCoin,SMC,"$7,503.98",$0.0004763,"15,753,430 SMC",$77.80,4.19%
329,Execoin,EXE,"$7,503.47",$0.0004196,"17,881,067 EXE",$47.56,-11.90%
330,CryptoEscudo,CESC,"$7,351.45",$0.0001049,"70,067,100 CESC",$84.97,-31.33%
331,VegasCoin,VGC,"$7,320.89",$0.0003337,"21,941,130 VGC",$102.57,116.62%
332,BigBullion,BIG,"$7,282.33",$0.02344,"310,644 BIG",$38.86,-44.41%
333,UtilityCoin,UTIL,"$7,167.89",$0.001932,"3,709,230 UTIL",$239.31,-7.25%
334,MonetaVerde,MCN,"$7,153.20",$0.00113,"6,328,244 MCN",$4.2907,18.30%
335,RonPaulCoin,RPC,"$7,081.04",$0.03524,"200,929 RPC",$72.35,-70.25%
336,StableCoin,SBC,"$7,035.50",$0.000431,"16,324,657 SBC",$2.5702,1.05%
337,ShibeCoin,SHIBE,"$6,849.44",$0.0000226,"303,092,604 SHIBE",$160.18,17.17%
338,Bitgem,BTG,"$6,829.13",$0.2235,"30,552 BTG",$31.73,30.17%
339,Guerillacoin,GUE,"$6,817.56",$0.001512,"4,508,409 GUE",$1.4716,-41.20%
340,Trollcoin,TROLL,"$6,796.24",$0.00000157,"4,323,050,001 TROLL",$3.1600,-39.99%
341,Abundance2,ABC2,"$6,784.73",$0.009822,"690,793 ABC2",$41.38,-10.90%
342,Prime-XI,PXI,"$6,771.89",$0.003098,"2,185,610 PXI",$369.57,245.34%
343,IcebergCoin,ICB,"$6,742.46",$0.001509,"4,469,405 ICB",$0.1094,36.08%
344,XxXcoin,XXX,"$6,647.96",$0.0001817,"36,580,563 XXX",$0.4315,-3.60%
345,Dashcoin,DSH,"$6,580.92",$0.00000011,"61,027,744,482 DSH",$13.68,-26.86%
346,RootCoin,ROOT,"$6,476.47",$0.003395,"1,907,728 ROOT",$8.4128,-10.26%
347,ShieldCoin,SHLD,"$6,074.98",$0.005576,"1,089,450 SHLD",$0.01209,--
348,GlobalBoost-Y,BSTY,"$6,017.54",$0.001507,"3,991,978 BSTY",$159.52,1.98%
349,Argentum,ARG,"$5,987.18",$0.004068,"1,471,853 ARG",$14.57,-2.97%
350,QuazarCoin,QCN,"$5,879.35",$0.004915,"1,196,300 QCN",$34.27,2.89%
351,Gnosis,GNS,"$5,852.42",$0.000189,"30,961,335 GNS",$225.94,51.32%
352,NewYorkCoin,NYC,"$5,584.17",$0.00000006,"97,307,606,333 NYC",$1.7562,-3.58%
353,FAILCoin,FAIL,"$5,535.96",$0.00000007,"77,584,749,177 FAIL",$0.04642,-35.66%
354,DigitalPrice,DP,"$5,456.32",$0.01013,"538,687 DP",$205.95,-65.35%
355,LiteBar,LTB,"$5,403.99",$0.03058,"176,737 LTB",$176.03,-65.30%
356,Deepcoin,DCN,"$5,374.19",$0.00009531,"56,388,352 DCN",$23.36,-37.28%
357,VorteX,VTX,"$5,095.59",$0.005671,"898,582 VTX",$159.75,80.89%
358,Fractalcoin,FRAC,"$5,004.43",$0.006805,"735,422 FRAC",$8.2254,-7.35%
359,Acoin,ACOIN,"$4,976.03",$0.01399,"355,742 ACOIN",$247.36,-22.43%
360,SocialxBot,XBOT,"$4,855.62",$0.003171,"1,531,389 XBOT",$6.2896,-4.15%
361,Halcyon,HAL,"$4,851.49",$0.002983,"1,626,446 HAL",$4.1401,67.36%
362,Noirbits,NRB,"$4,666.76",$0.002073,"2,251,240 NRB",$0.002073,-4.83%
363,Cinder,CIN,"$4,515.42",$0.00003964,"113,908,314 CIN",$98.73,44.31%
364,CandyCoin,YUM,"$4,484.82",$0.001289,"3,478,920 YUM",$21.61,-11.33%
365,BritCoin,BRIT,"$4,460.75",$0.0004121,"10,825,202 BRIT",$0.2581,-14.52%
366,KlondikeCoin,KDC,"$4,450.33",$0.0006079,"7,320,629 KDC",$1.7440,-28.59%
367,TorCoin,TOR,"$4,312.88",$0.002835,"1,521,109 TOR",$0.8506,--
368,RosCoin,ROS,"$4,297.67",$0.00005671,"75,787,226 ROS",$126.60,-48.08%
369,AidBit,AID,"$4,161.23",$0.0002835,"14,676,239 AID",$31.64,-8.35%
370,Elacoin,ELC,"$4,152.13",$0.009557,"434,459 ELC",$30.87,58.97%
371,LottoShares,LTS,"$4,090.72",$0.0001021,"40,076,558 LTS",$1.0699,-11.64%
372,Guncoin,GUN,"$4,078.68",$0.00006115,"66,699,828 GUN",$2.6531,-7.02%
373,OpenSourcecoin,OSC,"$3,960.33",$0.0008355,"4,740,162 OSC",$61.18,33.66%
374,MiracleCoin,MCL,"$3,872.52",$0.003872,"1,000,153 MCL",$2.9269,-16.02%
375,Glyph,GLYPH,"$3,856.53",$0.001694,"2,277,049 GLYPH",$0.2573,-20.62%
376,Kongzi Print Shop,KPS,"$3,805.22",$0.2711,"14,038 KPS",$51.23,-9.27%
377,Plankton,FOOD,"$3,782.81",$0.00000378,"1,000,618,345 FOOD",$19.08,--
378,Aiden,ADN,"$3,763.38",$0.0002571,"14,639,403 ADN",$12.74,-1.45%
379,Junkcoin,JKC,"$3,694.65",$0.0002646,"13,961,400 JKC",$0.08944,1.93%
380,Bancorcoin,BNCR,"$3,615.24",$0.0006578,"5,495,936 BNCR",$7.2527,11.45%
381,Benjamins,BEN,"$3,600.15",$0.001483,"2,427,600 BEN",$0.0003774,35.36%
382,LemurCoin,LMR,"$3,580.68",$0.03581,"100,000 LMR",$29.61,16.65%
383,Pesa,PES,"$3,482.63",$0.0001736,"20,058,734 PES",$84.24,43.47%
384,PLNcoin,PLNC,"$3,477.76",$0.0002646,"13,141,832 PLNC",$10.64,1.01%
385,Magicoin,MAGIC,"$3,427.39",$0.0008355,"4,102,283 MAGIC",$0.004177,2.90%
386,LegendaryCoin,LGD,"$3,377.74",$0.0006805,"4,963,724 LGD",$1.4235,-40.22%
387,CAPTcoin,CAPT,"$3,325.62",$0.001047,"3,175,760 CAPT",$1.7241,-5.23%
388,GCN Coin,GCN,"$3,299.26",$0.00000005,"61,715,210,000 GCN",$1.7471,8.52%
389,WhistleCoin,WSTL,"$3,294.44",$0.0001815,"18,154,918 WSTL",$103.55,-7.18%
390,Talkcoin,TAC,"$3,293.11",$0.0002495,"13,198,260 TAC",$1.4430,-39.11%
391,CRTCoin,CRT,"$3,251.61",$0.04102,"79,270 CRT",$0.007247,17.85%
392,Umbrella-LTC,ULTC,"$3,146.18",$0.007704,"408,400 ULTC",$13.82,-62.63%
393,Nimbus,NMB,"$3,146.07",$0.0002232,"14,093,432 NMB",$5.5118,-44.46%
394,CorgiCoin,CORG,"$3,127.37",$0.00000004,"87,674,904,487 CORG",$12.30,-13.40%
395,InkWayCoin,LKNX,"$3,075.76",$0.0003076,"10,000,000 LKNX",$2.5020,18.58%
396,HamRadioCoin,HAM,"$3,053.18",$0.001989,"1,534,676 HAM",$31.52,-1.63%
397,Pyramids,PYRA,"$2,987.99",$0.0001021,"29,273,160 PYRA",$0.4593,44.63%
398,VaultCoin,VAULT,"$2,895.42",$1.9284,"1,501 VAULT",$144.35,-37.15%
399,FireFlyCoin,FFC,"$2,804.43",$0.00003024,"92,727,600 FFC",$7.5237,17.59%
400,Techcoin,TECH,"$2,769.25",$0.01474,"187,824 TECH",$13.89,-32.08%
401,Kumacoin,KUMA,"$2,759.93",$0.00001512,"182,512,440 KUMA",$0.09826,-14.96%
402,RedCoin,RED,"$2,650.16",$0.0006514,"4,068,638 RED",$112.84,29.72%
403,Spots,SPT,"$2,648.53",$0.0002004,"13,218,529 SPT",$5.1913,0.99%
404,RotoCoin,RT2,"$2,545.95",$0.03905,"65,194 RT2",$0.4643,-3.38%
405,Lightspeed,LSD,"$2,525.67",$0.003289,"767,911 LSD",$1.1121,26.01%
406,ConcealCoin,CNL,"$2,460.03",$0.0002454,"10,026,047 CNL",$0.08952,--
407,KashmirCoin,KSC,"$2,455.97",$34.02,72 KSC,$0.03402,12.94%
408,DogeBlackCoin,DOGEBC,"$2,345.10",$0.00000756,"310,160,050 DOGEBC",$14.16,-31.87%
409,Triangles,TRI,"$2,338.84",$0.04726,"49,493 TRI",$102.51,-15.80%
410,Monocle,MON,"$2,241.53",$0.001138,"1,969,847 MON",$1.1623,2.90%
411,Motocoin,MOTO,"$2,213.48",$0.0004915,"4,503,880 MOTO",$2.8895,-46.32%
412,UroDarkCoin,UROD,"$2,212.35",$0.001361,"1,625,569 UROD",$11.50,60.74%
413,Global Denomination,GDN,"$2,192.42",$0.0002949,"7,435,040 GDN",$7.0602,21.30%
414,ProsperCoin,PRC,"$2,143.91",$0.002362,"907,770 PRC",$4.4990,-35.24%
415,NewWorldOrderCoin,NWO,"$2,046.87",$0.001826,"1,120,976 NWO",$36.79,--
416,Judgecoin,JUDGE,"$2,006.99",$0.0001739,"11,540,949 JUDGE",$0.0002774,2.23%
417,Lycancoin,LYC,"$1,949.47",$0.00000756,"257,833,791 LYC",$13.10,2.90%
418,Heisenberg,HEX,"$1,894.92",$0.00000015,"12,473,553,843 HEX",$2.5900,64.77%
419,UCoin,U,"$1,893.39",$0.0009791,"1,933,726 U",$31.92,-60.46%
420,Emucoin,EMU,"$1,886.44",$0.00000004,"43,319,049,189 EMU",$1.8111,-3.53%
421,Ruble,RUBLE,"$1,865.94",$0.001134,"1,645,244 RUBLE",$44.99,79.47%
422,Conspiracycoin,CYC,"$1,851.06",$0.0003818,"4,847,895 CYC",$177.86,160.10%
423,Cashcoin,CASH,"$1,824.07",$0.0004007,"4,551,861 CASH",$9.6280,6.88%
424,Nyancoin,NYAN,"$1,779.67",$0.00001118,"159,171,141 NYAN",$15.31,-79.35%
425,ImperialCoin,IPC,"$1,728.78",$0.00003259,"53,052,000 IPC",$20.74,-24.86%
426,ShadeCoin,SHADE,"$1,714.88",$0.001012,"1,694,985 SHADE",$2.2198,12.07%
427,Hirocoin,HIRO,"$1,688.52",$0.0000189,"89,328,800 HIRO",$10.91,-12.01%
428,ZimStake,ZS,"$1,661.50",$0.0004244,"3,914,607 ZS",$0.005942,--
429,BurnerCoin,BURN,"$1,657.63",$0.0007599,"2,181,453 BURN",$0.7791,43.99%
430,CoffeeCoin,CFC,"$1,642.09",$0.00001134,"144,787,028 CFC",$0.07071,-22.03%
431,VirtualMiningCoin,VMC,"$1,628.68",$0.00002646,"61,544,896 VMC",$16.56,--
432,PHCoin,PHC,"$1,620.64",$0.000121,"13,396,450 PHC",$0.1936,--
433,Ekrona,KRN,"$1,620.54",$0.0003894,"4,161,760 KRN",$2.4886,-10.98%
434,RipoffCoin,RIPO,"$1,595.36",$0.0002423,"6,583,400 RIPO",$46.55,-3.53%
435,Solecoin,SOLE,"$1,583.71",$0.00124,"1,277,194 SOLE",$0.0006098,-10.71%
436,1Coin,ONE,"$1,481.11",$0.00378,"391,779 ONE",$4.9729,-6.78%
437,Bongger,BGR,"$1,456.03",$0.00000619,"235,351,560 BGR",$0.01776,2.19%
438,GanjaCoin,MRJA,"$1,441.11",$0.0006616,"2,178,282 MRJA",$11.67,28.02%
439,TacoCoin,TCO,"$1,418.99",$0.00002905,"48,851,375 TCO",$0.001148,-7.50%
440,MugatuCoin,MUGA,"$1,392.10",$0.000691,"2,014,591 MUGA",$0.3208,-2.37%
441,DarkShibe,DSB,"$1,347.25",$0.001084,"1,242,516 DSB",$5.3600,38.98%
442,TakCoin,TAK,"$1,284.98",$0.00000756,"169,950,240 TAK",$14.04,-0.20%
443,Moneta,MNTA,"$1,280.60",$0.00007671,"16,693,962 MNTA",$0.7635,10.35%
444,RawCoin,RAW,"$1,273.61",$0.0002204,"5,777,447 RAW",$0.3551,--
445,PotatoCoin,SPUDS,"$1,228.66",$0.00001011,"121,577,904 SPUDS",$1.6232,35.34%
446,Fetish,FETISH,"$1,182.72",$0.002548,"464,168 FETISH",$7.3222,15.76%
447,CacheCoin,CACH,"$1,173.60",$0.003531,"332,373 CACH",$7.1113,-8.51%
448,CannabisDarkcoin,CND,"$1,163.62",$0.0001627,"7,152,204 CND",$18.21,-13.85%
449,BatCoin,BAT,"$1,158.83",$0.00000018,"6,481,010,000 BAT",$15.58,-0.18%
450,CrackCoin,CRACK,"$1,157.62",$0.0001928,"6,004,132 CRACK",$0.7907,47.52%
451,Darkkush,DANK,"$1,115.47",$0.0003743,"2,980,422 DANK",$9.7034,-23.03%
452,XCloudcoin,XCLD,"$1,082.42",$0.001753,"617,560 XCLD",$1.2507,45.13%
453,Grain,GRA,"$1,076.04",$0.00000111,"970,635,753 GRA",$0.02109,10.52%
454,Axron,AXR,"$1,037.19",$0.000964,"1,075,900 AXR",$3.2446,-42.13%
455,CaliforniaCoin,CAC,$972.91,$0.00000047,"2,058,600,050 CAC",$95.02,-83.93%
456,Cryptographic Anomaly,CGA,$956.47,$0.00724,"132,116 CGA",$1.4793,2.84%
457,GROUPCoin,GPC,$948.95,$0.00009474,"10,016,346 GPC",$0.3133,1.99%
458,BeaverCoin,BVC,$943.54,$0.0005075,"1,859,068 BVC",$0.0667,-27.24%
459,Canada eCoin,CDN,$940.52,$0.00008887,"10,583,450 CDN",$20.70,-55.79%
460,Diode,DIO,$930.13,$0.0002193,"4,242,005 DIO",$64.29,-85.11%
461,ReserveShare,RSU,$867.02,$0.000867,"1,000,000 RSU",$2.6011,-42.96%
462,Digit,DIG,$828.18,$0.0000378,"21,906,864 DIG",$1.3169,2.94%
463,NativeCoin,N8V,$816.22,$0.00003576,"22,824,360 N8V",$0.06119,-44.54%
464,Dobbscoin,BOB,$775.56,$0.0003781,"2,051,500 BOB",$0.7764,1.87%
465,BlazeCoin,BLZ,$761.39,$0.00000329,"231,425,048 BLZ",$13.64,-9.79%
466,REKTcoin,REKT,$730.07,$0.001285,"567,987 REKT",$2.9622,-0.35%
467,BitCentavo,NBE,$696.51,$0.00000061,"1,145,690,344 NBE",$0.3659,-10.78%
468,Unattainium,UNAT,$659.38,$0.02269,"29,055 UNAT",$1.0835,5.34%
469,GBCoin,GBC,$602.37,$0.0002646,"2,276,260 GBC",$0.4975,-8.82%
470,GlowCoin,GLOW,$580.25,$0.0003289,"1,764,208 GLOW",$4.0057,--
471,Intellicoin,INT,$533.43,$0.00006049,"8,818,764 INT",$1.2365,--
472,NopeCoin,NOPE,$447.32,$0.00003024,"14,790,487 NOPE",$2.4841,-41.30%
473,Bela,BELA,$393.25,$0.00006427,"6,118,900 BELA",$0.8651,-2.82%
474,VolatilityCoin,VLTY,$377.31,$0.0001096,"3,441,533 VLTY",$12.43,-25.12%
475,VoxPopuli,VOXP,$318.13,$0.00003024,"10,519,003 VOXP",$2.3892,-63.54%
476,KimDotCoin,DOT,$309.74,$0.00000322,"96,239,192 DOT",$3.4906,1.87%
477,Penguincoin (old),PENG,$284.82,$0.00000002,"16,340,117,070 PENG",$0.6482,-69.62%
478,Viking Coin,VIK,$265.22,$0.09904,"2,678 VIK",$0.9571,-70.26%
479,Wincoin,WIN,$252.32,$0.00000311,"81,100,141 WIN",$0.2856,--
480,Donationcoin,DON,$176.99,$0.00003842,"4,607,050 DON",$3.9849,-5.10%
481,Lightcoin,LIT,$174.05,$0.00003402,"5,115,468 LIT",$6.3207,17.36%
482,WolfCoin,WLF,$160.41,$0.00009317,"1,721,704 WLF",$0.2259,632.21%
483,Darkpeer,DPC,$151.37,$0.00003392,"4,462,476 DPC",$0.07288,-61.25%
484,GoodCoin,GOOD,$148.36,$0.0000189,"7,848,777 GOOD",$1.3460,-23.21%
485,Kryptonite,KRYP,$140.89,$0.00003024,"4,658,526 KRYP",$2.7173,-67.07%
486,Scattercoin,XSTC,$102.57,$0.0002835,"361,765 XSTC",$53.89,63.25%
487,Lion,LION,$88.14,$0.00006427,"1,371,497 LION",$0.2598,--
488,[Deprecated] Denarius,DRS,$86.86,$0.00007561,"1,148,800 DRS",$1.0452,-17.68%
489,Bitleu,BTL,$86.22,$0.00000378,"22,805,599 BTL",$3.3258,2.90%
490,Noahcoin,NOAH,$83.42,$0.00000756,"11,033,099 NOAH",$0.1436,-31.40%
491,Granite,GRN,$69.73,$0.00000807,"8,645,200 GRN",$0.00000018,-77.58%
492,WhiteGoldShares,WGS,$31.41,$0.001922,"16,339 WGS",$1.9224,--
493,MileyCyrusCoin,MCC,$13.55,$0.00004537,"298,735 MCC",$0.002178,2.89%
494,66 Coin,66,--,$40.07,? 66,$1.7245,19.85%
495,Blocknet,BLOCK,--,$0.05294,? BLOCK,$706.99,7.70%
496,DeafDollars,DEAF,--,$0.04005,? DEAF,$324.59,--
497,Extremecoin,EXC,--,$0.01136,? EXC,$24.83,-12.57%
498,Latium old,LAT,--,$0.01059,? LAT,$38.79,-22.27%
499,Rimbit,RBT,--,$0.005293,? RBT,$5.2927,2.90%
500,CraftCoin,CRC,--,$0.004824,? CRC,$0.0003432,19.25%
501,Euphoria,EUPH,--,$0.003969,? EUPH,"$2,296.13",--
502,Joincoin,J,--,$0.003856,? J,$286.35,183.58%
503,Coinworkscoin,LAB,--,$0.003759,? LAB,$0.01504,29.52%
504,Bytecoin,BTE,--,$0.003502,? BTE,$0.0002597,27.33%
505,CataloniaCoin,CATC,--,$0.003217,? CATC,$38.03,-32.11%
506,CHNCoin,CNC,--,$0.001174,? CNC,$427.00,29.33%
507,New Universal Dollar,NUD,--,$0.000775,? NUD,$3.2492,--
508,Nibble,NBL,--,$0.0007296,? NBL,$0.007296,-18.69%
509,Doubloons,DBL,--,$0.0007208,? DBL,$4.9464,-55.55%
510,Aegis,AGS,--,$0.0006994,? AGS,$0.6994,3.73%
511,BCT Coin,BCT,--,$0.0006049,? BCT,$111.80,2.90%
512,DarkToken,DT,--,$0.0004007,? DT,$0.2603,21.26%
513,Tigercoin,TGC,--,$0.0003932,? TGC,$46.76,109.83%
514,EthereumDark,ETD,--,$0.0003766,? ETD,$9.9031,-64.83%
515,EZCoin,EZC,--,$0.0002835,? EZC,$0.6593,2.56%
516,AmericanCoin,AMC,--,$0.0002383,? AMC,$13.21,-1.14%
517,AlphaCoin,ALF,--,$0.0002079,? ALF,$18.09,23.78%
518,Sativacoin,STV,--,$0.000193,? STV,$4.0330,--
519,NanoToken,NAN,--,$0.0001842,? NAN,$0.1222,3.09%
520,SSVCoin,SSV,--,$0.0001512,? SSV,$4.8838,-8.18%
521,BDSM,BDSM,--,$0.0001058,? BDSM,$8.2709,-35.56%
522,Krugercoin,KGC,--,$0.00007561,? KGC,$12.90,-1.32%
523,Ghostcoin,GHC,--,$0.00005293,? GHC,$1.1601,20.05%
524,Memecoin,MEM,--,$0.00004208,? MEM,$0.09035,4.48%
525,StarCoin,STR,--,$0.00004159,? STR,$61.12,-9.44%
526,FindYouCoin,FIND,--,$0.00003516,? FIND,$43.61,--
527,SecurityCoin,SCSY,--,$0.00003402,? SCSY,$0.3402,-13.26%
528,Coin(O),CNO,--,$0.00002268,? CNO,$18.36,2.90%
529,EBTCoin,EBT,--,$0.00001896,? EBT,$0.843,6.07%
530,GameCoin,GME,--,$0.00001175,? GME,$0.1245,-24.47%
531,Limitless VIP,VIP,--,$0.00001167,? VIP,$48.42,5.55%
532,PeleCoin,PLCN,--,$0.00000378,? PLCN,$12.48,--
533,Pennies,CENT,--,--,? CENT,$70.38,-13.71%
